-- phpMyAdmin SQL Dump
-- version 4.6.6
-- https://www.phpmyadmin.net/
--
-- Host: localhost:3306
-- Generation Time: Jul 24, 2017 at 07:13 AM
-- Server version: 10.0.27-MariaDB-cll-lve
-- PHP Version: 5.6.30

SET SQL_MODE = "NO_AUTO_VALUE_ON_ZERO";
SET time_zone = "+00:00";


/*!40101 SET @OLD_CHARACTER_SET_CLIENT=@@CHARACTER_SET_CLIENT */;
/*!40101 SET @OLD_CHARACTER_SET_RESULTS=@@CHARACTER_SET_RESULTS */;
/*!40101 SET @OLD_COLLATION_CONNECTION=@@COLLATION_CONNECTION */;
/*!40101 SET NAMES utf8mb4 */;

--
-- Database: `phxcrimi_inventory`
--

-- --------------------------------------------------------

--
-- Table structure for table `assets`
--

CREATE TABLE `assets` (
  `asset_id` int(11) NOT NULL,
  `category_id` int(11) NOT NULL
) ENGINE=InnoDB DEFAULT CHARSET=utf8;

--
-- Dumping data for table `assets`
--

INSERT INTO `assets` (`asset_id`, `category_id`) VALUES
(10002, 3),
(10004, 1),
(10006, 1),
(10008, 1),
(10009, 1),
(10010, 1),
(10012, 1),
(10014, 1),
(10017, 1),
(10018, 1),
(10019, 1),
(10020, 1),
(10021, 1),
(10024, 1),
(10026, 1),
(10027, 1),
(10029, 1),
(10033, 1),
(10034, 3),
(10075, 3),
(10076, 1),
(10079, 1),
(10083, 9),
(10101, 1),
(10107, 1),
(10110, 1),
(10119, 1),
(10124, 1),
(10127, 1),
(10132, 1),
(11001, 2);

-- --------------------------------------------------------

--
-- Table structure for table `asset_to_attributes`
--

CREATE TABLE `asset_to_attributes` (
  `asset_to_attributes_id` int(11) NOT NULL,
  `asset_id` int(11) NOT NULL,
  `attribute_id` int(11) NOT NULL,
  `attribute_value` text NOT NULL
) ENGINE=InnoDB DEFAULT CHARSET=utf8;

--
-- Dumping data for table `asset_to_attributes`
--

INSERT INTO `asset_to_attributes` (`asset_to_attributes_id`, `asset_id`, `attribute_id`, `attribute_value`) VALUES
(11, 10017, 1, 'STI-CSR-10017'),
(12, 10017, 2, 'Chelsie'),
(13, 10017, 3, 'STI'),
(14, 10017, 4, 'CSR'),
(15, 10017, 5, 'A4'),
(31, 10004, 1, 'STI-CSR-10004'),
(32, 10004, 2, 'Jesus'),
(33, 10004, 3, 'STI'),
(34, 10004, 4, 'CSR'),
(35, 10004, 5, 'B3'),
(43, 10004, 12, '----------\r\n'),
(44, 10004, 13, '----------\r\n'),
(98, 10119, 1, 'STI-IT-10119'),
(99, 10119, 2, 'Not in use'),
(100, 10119, 3, 'STI'),
(101, 10119, 4, 'IT'),
(102, 10119, 5, 'No record found'),
(103, 10119, 6, 'AMD Sempron'),
(104, 10119, 7, '320GB HDD'),
(105, 10119, 8, '2GB RAM'),
(106, 10119, 9, 'PASS'),
(107, 10119, 10, 'PASS'),
(108, 10119, 11, '3/24/2016'),
(186, 10004, 6, '----------\r\n'),
(187, 10004, 7, '----------\r\n'),
(188, 10004, 8, '----------\r\n'),
(189, 10004, 7, '----------\r\n'),
(190, 10004, 10, '----------\r\n'),
(191, 10004, 11, '----------\r\n'),
(411, 10017, 6, '----------'),
(412, 10017, 7, '----------'),
(413, 10017, 8, '----------'),
(414, 10017, 9, '----------'),
(415, 10017, 10, '----------'),
(416, 10017, 11, '----------'),
(1140, 11001, 1, 'Test Name'),
(1141, 11001, 2, '----------'),
(1142, 11001, 3, 'Test Company'),
(1143, 11001, 4, '----------'),
(1144, 11001, 5, '----------'),
(1145, 11001, 11, '----------'),
(1146, 11001, 12, '----------'),
(1147, 11001, 13, '----------'),
(1156, 10075, 1, 'Seagate'),
(1157, 10075, 7, '320 GB'),
(1158, 10075, 10, 'PASS'),
(1159, 10075, 11, '4/13/2016'),
(1160, 10075, 12, 'Barracuda 7200.10 '),
(1161, 10075, 13, '9QF9AN32'),
(1209, 10034, 1, 'Western Digital'),
(1210, 10034, 7, '1 TB'),
(1211, 10034, 10, 'PASS'),
(1212, 10034, 11, '4/13/2016'),
(1213, 10034, 12, 'WD10EALX'),
(1214, 10034, 13, 'WCATR8649400'),
(1228, 88338, 13, '88338 - SN'),
(1272, 20000, 12, '20000 - Model'),
(1273, 20000, 13, '20000 - SN'),
(1285, 10002, 1, '10002 - Name'),
(1286, 10002, 7, '10002 - Storage'),
(1287, 10002, 10, '10002 - HDD'),
(1288, 10002, 11, '10002 - Date Tested'),
(1289, 10002, 12, '10002 - Model'),
(1290, 10002, 13, '10002 - SN'),
(1317, 10012, 1, 'STI-CSR-10012'),
(1318, 10012, 2, 'Jermicka'),
(1319, 10012, 3, 'STI'),
(1320, 10012, 4, 'CSR'),
(1321, 10012, 5, 'A1'),
(1322, 10012, 6, '----------'),
(1323, 10012, 7, '----------'),
(1324, 10012, 8, '----------'),
(1325, 10012, 9, '----------'),
(1326, 10012, 10, '----------'),
(1327, 10012, 11, '----------'),
(1328, 10010, 1, 'STI-CSR-10010'),
(1329, 10010, 2, 'Jim'),
(1330, 10010, 3, 'STI'),
(1331, 10010, 4, 'CSR'),
(1332, 10010, 5, 'C3'),
(1333, 10010, 6, '----------'),
(1334, 10010, 7, '----------'),
(1335, 10010, 8, '----------'),
(1336, 10010, 9, '----------'),
(1337, 10010, 10, 'PASS'),
(1338, 10010, 11, '3/21/2016'),
(1339, 10029, 1, 'STI-CSR-10029'),
(1340, 10029, 2, 'None'),
(1341, 10029, 3, 'STI'),
(1342, 10029, 4, 'CSR'),
(1343, 10029, 5, 'A5'),
(1344, 10029, 6, '----------'),
(1345, 10029, 7, '----------'),
(1346, 10029, 8, '----------'),
(1347, 10029, 9, 'PASS'),
(1348, 10029, 10, 'PASS'),
(1349, 10029, 11, '10/26/2016'),
(1350, 10024, 1, 'STI-CSR-10024'),
(1351, 10024, 2, 'Marco'),
(1352, 10024, 3, 'STI'),
(1353, 10024, 4, 'CSR'),
(1354, 10024, 5, 'B2'),
(1355, 10024, 6, '----------'),
(1356, 10024, 7, '----------'),
(1357, 10024, 8, '----------'),
(1358, 10024, 9, '----------'),
(1359, 10024, 10, '----------'),
(1360, 10024, 11, '----------'),
(1361, 10110, 1, 'N/A'),
(1362, 10110, 2, '----------'),
(1363, 10110, 3, '----------'),
(1364, 10110, 4, '----------'),
(1365, 10110, 5, '----------'),
(1366, 10110, 6, 'Phenom II x4'),
(1367, 10110, 7, '1000GB HDD'),
(1368, 10110, 8, '6GB RAM'),
(1369, 10110, 9, 'PASS'),
(1370, 10110, 10, 'PASS'),
(1371, 10110, 11, '3/21/2016'),
(1372, 10127, 1, '----------'),
(1373, 10127, 2, '----------'),
(1374, 10127, 3, '----------'),
(1375, 10127, 4, '----------'),
(1376, 10127, 5, '----------'),
(1377, 10127, 6, 'Athlon 64 X2 Dual Core 4800+'),
(1378, 10127, 7, '320GB HD'),
(1379, 10127, 8, '2GB RAM'),
(1380, 10127, 9, 'PASS'),
(1381, 10127, 10, 'PASS'),
(1382, 10127, 11, '5/11/2016'),
(1383, 10124, 1, '----------'),
(1384, 10124, 2, '----------'),
(1385, 10124, 3, '----------'),
(1386, 10124, 4, '----------'),
(1387, 10124, 5, '----------'),
(1388, 10124, 6, 'AMD Athlon LE-1640'),
(1389, 10124, 7, '250GB HDD'),
(1390, 10124, 8, '3GB RAM'),
(1391, 10124, 9, 'PASS '),
(1392, 10124, 10, 'PASS/PRE-FAILURE'),
(1393, 10124, 11, '5/12/2016'),
(1394, 10132, 1, '----------'),
(1395, 10132, 2, '----------'),
(1396, 10132, 3, '----------'),
(1397, 10132, 4, '----------'),
(1398, 10132, 5, '----------'),
(1399, 10132, 6, 'Phenom II x4'),
(1400, 10132, 7, '1TB HDD'),
(1401, 10132, 8, '4GB RAM'),
(1402, 10132, 9, 'PASS'),
(1403, 10132, 10, 'PASS'),
(1404, 10132, 11, '3/24/2016'),
(1405, 101119, 1, '----------'),
(1406, 101119, 2, '----------'),
(1407, 101119, 3, '----------'),
(1408, 101119, 4, '----------'),
(1409, 101119, 5, '----------'),
(1410, 101119, 6, '----------'),
(1411, 101119, 7, '----------'),
(1412, 101119, 8, '----------'),
(1413, 101119, 9, '----------'),
(1414, 101119, 10, '----------'),
(1415, 101119, 11, '----------'),
(1416, 10107, 1, '----------'),
(1417, 10107, 2, '----------'),
(1418, 10107, 3, '----------'),
(1419, 10107, 4, '----------'),
(1420, 10107, 5, '----------'),
(1421, 10107, 6, 'Pentium Quad Core'),
(1422, 10107, 7, '250GB HDD'),
(1423, 10107, 8, '4GB RAM'),
(1424, 10107, 9, '----------'),
(1425, 10107, 10, '----------'),
(1426, 10107, 11, '----------'),
(1435, 10014, 1, '----------'),
(1436, 10014, 2, '----------'),
(1437, 10014, 3, '----------'),
(1438, 10014, 4, '----------'),
(1439, 10014, 5, '----------'),
(1440, 10014, 6, '----------'),
(1441, 10014, 7, '----------'),
(1442, 10014, 8, '----------'),
(1443, 10014, 9, '----------'),
(1444, 10014, 10, '----------'),
(1445, 10014, 11, '----------'),
(1446, 10079, 1, '----------'),
(1447, 10079, 2, '----------'),
(1448, 10079, 3, '----------'),
(1449, 10079, 4, '----------'),
(1450, 10079, 5, '----------'),
(1451, 10079, 6, '----------'),
(1452, 10079, 7, '----------'),
(1453, 10079, 8, '----------'),
(1454, 10079, 9, '----------'),
(1455, 10079, 10, '----------'),
(1456, 10079, 11, '----------'),
(1457, 10019, 1, '----------'),
(1458, 10019, 2, '----------'),
(1459, 10019, 3, '----------'),
(1460, 10019, 4, '----------'),
(1461, 10019, 5, '----------'),
(1462, 10019, 6, '----------'),
(1463, 10019, 7, '----------'),
(1464, 10019, 8, '----------'),
(1465, 10019, 9, '----------'),
(1466, 10019, 10, '----------'),
(1467, 10019, 11, '----------'),
(1468, 10020, 1, '----------'),
(1469, 10020, 2, '----------'),
(1470, 10020, 3, '----------'),
(1471, 10020, 4, '----------'),
(1472, 10020, 5, '----------'),
(1473, 10020, 6, '----------'),
(1474, 10020, 7, '----------'),
(1475, 10020, 8, '----------'),
(1476, 10020, 9, '----------'),
(1477, 10020, 10, '----------'),
(1478, 10020, 11, '----------'),
(1479, 10101, 1, '----------'),
(1480, 10101, 2, '----------'),
(1481, 10101, 3, '----------'),
(1482, 10101, 4, '----------'),
(1483, 10101, 5, '----------'),
(1484, 10101, 6, '----------'),
(1485, 10101, 7, '----------'),
(1486, 10101, 8, '----------'),
(1487, 10101, 9, '----------'),
(1488, 10101, 10, '----------'),
(1489, 10101, 11, '----------'),
(1490, 10006, 1, '----------'),
(1491, 10006, 2, '----------'),
(1492, 10006, 3, '----------'),
(1493, 10006, 4, '----------'),
(1494, 10006, 5, '----------'),
(1495, 10006, 6, '----------'),
(1496, 10006, 7, '----------'),
(1497, 10006, 8, '----------'),
(1498, 10006, 9, '----------'),
(1499, 10006, 10, '----------'),
(1500, 10006, 11, '----------'),
(1501, 10021, 1, '----------'),
(1502, 10021, 2, '----------'),
(1503, 10021, 3, '----------'),
(1504, 10021, 4, '----------'),
(1505, 10021, 5, '----------'),
(1506, 10021, 6, '----------'),
(1507, 10021, 7, '----------'),
(1508, 10021, 8, '----------'),
(1509, 10021, 9, '----------'),
(1510, 10021, 10, '----------'),
(1511, 10021, 11, '----------'),
(1512, 10008, 1, '----------'),
(1513, 10008, 2, '----------'),
(1514, 10008, 3, '----------'),
(1515, 10008, 4, '----------'),
(1516, 10008, 5, '----------'),
(1517, 10008, 6, '----------'),
(1518, 10008, 7, '----------'),
(1519, 10008, 8, '----------'),
(1520, 10008, 9, '----------'),
(1521, 10008, 10, '----------'),
(1522, 10008, 11, '----------'),
(1523, 10009, 1, '----------'),
(1524, 10009, 2, '----------'),
(1525, 10009, 3, '----------'),
(1526, 10009, 4, '----------'),
(1527, 10009, 5, '----------'),
(1528, 10009, 6, '----------'),
(1529, 10009, 7, '----------'),
(1530, 10009, 8, '----------'),
(1531, 10009, 9, '----------'),
(1532, 10009, 10, '----------'),
(1533, 10009, 11, '----------'),
(1534, 10027, 1, '----------'),
(1535, 10027, 2, '----------'),
(1536, 10027, 3, '----------'),
(1537, 10027, 4, '----------'),
(1538, 10027, 5, '----------'),
(1539, 10027, 6, '----------'),
(1540, 10027, 7, '----------'),
(1541, 10027, 8, '----------'),
(1542, 10027, 9, '----------'),
(1543, 10027, 10, '----------'),
(1544, 10027, 11, '----------'),
(1545, 10026, 1, '----------'),
(1546, 10026, 2, 'Carl'),
(1547, 10026, 3, '----------'),
(1548, 10026, 4, '----------'),
(1549, 10026, 5, '----------'),
(1550, 10026, 6, '----------'),
(1551, 10026, 7, '----------'),
(1552, 10026, 8, '----------'),
(1553, 10026, 9, '----------'),
(1554, 10026, 10, '----------'),
(1555, 10026, 11, '----------'),
(1556, 10076, 1, 'STI-QA-10076'),
(1557, 10076, 2, '----------'),
(1558, 10076, 3, '----------'),
(1559, 10076, 4, '----------'),
(1560, 10076, 5, '----------'),
(1561, 10076, 6, '----------'),
(1562, 10076, 7, '----------'),
(1563, 10076, 8, '----------'),
(1564, 10076, 9, '----------'),
(1565, 10076, 10, '----------'),
(1566, 10076, 11, '----------'),
(1567, 10033, 1, 'STI-1033'),
(1568, 10033, 2, 'Briggete'),
(1569, 10033, 3, '----------'),
(1570, 10033, 4, '----------'),
(1571, 10033, 5, '----------'),
(1572, 10033, 6, '----------'),
(1573, 10033, 7, '----------'),
(1574, 10033, 8, '----------'),
(1575, 10033, 9, '----------'),
(1576, 10033, 10, '----------'),
(1577, 10033, 11, '----------'),
(1578, 10018, 1, '----------'),
(1579, 10018, 2, '----------'),
(1580, 10018, 3, '----------'),
(1581, 10018, 4, '----------'),
(1582, 10018, 5, '----------'),
(1583, 10018, 6, '----------'),
(1584, 10018, 7, '----------'),
(1585, 10018, 8, '----------'),
(1586, 10018, 9, '----------'),
(1587, 10018, 10, '----------'),
(1588, 10018, 11, '----------');

-- --------------------------------------------------------

--
-- Table structure for table `asset_to_notes`
--

CREATE TABLE `asset_to_notes` (
  `asset_to_note_id` int(11) NOT NULL,
  `asset_id` int(11) NOT NULL,
  `note_id` int(10) NOT NULL,
  `notes` text NOT NULL,
  `notes_entry_date` timestamp NOT NULL DEFAULT CURRENT_TIMESTAMP
) ENGINE=InnoDB DEFAULT CHARSET=utf8;

--
-- Dumping data for table `asset_to_notes`
--

INSERT INTO `asset_to_notes` (`asset_to_note_id`, `asset_id`, `note_id`, `notes`, `notes_entry_date`) VALUES
(6, 10119, 1, 'HDD Wiped', '2016-04-01 21:25:24'),
(17, 10004, 1, '----------', '2016-04-05 22:39:54'),
(36, 10017, 1, 'Audio updated', '2016-04-13 15:26:09'),
(65, 10005, 1, 'TEST TEST TEST ', '2016-04-19 19:39:47'),
(70, 10039, 1, '----------', '2016-04-29 19:54:50'),
(73, 10040, 1, '----------', '2016-04-29 20:25:56'),
(74, 10041, 1, '----------', '2016-04-29 20:39:36'),
(95, 11001, 1, 'Test Notes', '2016-05-04 18:10:16'),
(97, 10075, 1, '----------', '2016-05-04 22:18:13'),
(110, 10034, 1, '1034 - NOTES', '2016-05-25 21:54:38'),
(122, 10002, 1, 'Audio updated', '2016-06-20 14:29:43'),
(126, 10012, 1, 'Audio updated', '2016-06-30 20:23:06'),
(127, 10010, 1, 'Audio updated, moved to ext. 7904', '2016-06-30 20:33:10'),
(128, 10029, 1, 'Installed: iSymphony, Silverlight 10/24/2016', '2016-06-30 20:54:02'),
(129, 10024, 1, '----------', '2016-06-30 20:57:21'),
(130, 10110, 1, 'HD Wiped', '2016-07-28 17:26:14'),
(131, 10127, 1, 'HD Needs review (NOT WIPED) - Server files - Mysql User Alimovz', '2016-07-28 17:59:18'),
(132, 10124, 1, 'HD Wiped', '2016-07-28 18:01:53'),
(133, 10132, 1, 'HD Wiped', '2016-07-28 18:15:13'),
(135, 10107, 1, '----------', '2016-07-28 18:37:47'),
(140, 10083, 1, 'Just a test', '2016-09-30 19:22:12'),
(141, 10083, 1, 'Just a test', '2016-09-30 19:22:12'),
(142, 10014, 1, 'Audio updated', '2016-10-03 17:04:07'),
(143, 10079, 1, 'Audio updated', '2016-10-03 17:04:54'),
(144, 10019, 1, 'Audio updated', '2016-10-03 17:08:36'),
(145, 10020, 1, 'Audio updated', '2016-10-03 17:10:14'),
(146, 10101, 1, 'Audio updated', '2016-10-03 22:23:34'),
(147, 10006, 1, 'Audio updated', '2016-10-03 22:24:53'),
(148, 10021, 1, 'Audio updated', '2016-10-03 22:29:13'),
(149, 10008, 1, 'Audio updated', '2016-10-03 22:37:51'),
(150, 10009, 1, 'Audio updated', '2016-10-03 22:39:25'),
(151, 10027, 1, 'Audio updated', '2016-10-03 22:47:27'),
(152, 10026, 1, 'Audio updated', '2016-10-04 13:18:10'),
(153, 10076, 1, 'Audio updated', '2016-10-04 13:21:33'),
(154, 10033, 1, 'Gray box, updated silverlight', '2016-10-25 15:02:55'),
(155, 10033, 1, 'Gray box, updated silverlight', '2016-10-25 15:02:55'),
(156, 10018, 1, 'Unused switched with Jim', '2016-10-25 15:17:18'),
(182, 10004, 1, '----------', '2017-02-19 01:49:50'),
(183, 10004, 1, '----------', '2017-02-19 01:51:14'),
(184, 10004, 1, '----------', '2017-02-19 01:52:12'),
(185, 10004, 1, '----------', '2017-02-19 01:53:01'),
(186, 10004, 1, '----------', '2017-02-19 01:53:22'),
(187, 10075, 1, '----------', '2017-02-19 08:49:47'),
(191, 10074, 1, '----------', '2017-02-19 20:26:57'),
(198, 10074, 1, '----------', '2017-02-21 14:41:58'),
(199, 10074, 1, '----------', '2017-02-21 14:51:44'),
(200, 10074, 1, '----------', '2017-02-21 14:55:48'),
(203, 10074, 1, '----------', '2017-03-06 15:47:32');

-- --------------------------------------------------------

--
-- Table structure for table `attributes`
--

CREATE TABLE `attributes` (
  `attribute_id` int(11) NOT NULL,
  `attribute_name` varchar(256) NOT NULL
) ENGINE=InnoDB DEFAULT CHARSET=utf8;

--
-- Dumping data for table `attributes`
--

INSERT INTO `attributes` (`attribute_id`, `attribute_name`) VALUES
(1, 'Name'),
(2, 'User'),
(3, 'Company'),
(4, 'Department'),
(5, 'Station'),
(6, 'Processor'),
(7, 'Storage'),
(8, 'Memory'),
(9, 'RAM Test'),
(10, 'HDD Test'),
(11, 'Date Tested'),
(12, 'Model'),
(13, 'Serial Number');

-- --------------------------------------------------------

--
-- Table structure for table `categories`
--

CREATE TABLE `categories` (
  `category_id` int(11) NOT NULL,
  `category_name` varchar(256) NOT NULL
) ENGINE=InnoDB DEFAULT CHARSET=utf8;

--
-- Dumping data for table `categories`
--

INSERT INTO `categories` (`category_id`, `category_name`) VALUES
(1, 'Computers'),
(2, 'Phones'),
(3, 'HDD'),
(5, 'New Test Category'),
(7, 'Second New Category');

-- --------------------------------------------------------

--
-- Table structure for table `category_to_attributes`
--

CREATE TABLE `category_to_attributes` (
  `category_to_attributes_id` int(11) NOT NULL,
  `attribute_id` int(11) DEFAULT NULL,
  `category_id` int(11) DEFAULT NULL
) ENGINE=InnoDB DEFAULT CHARSET=utf8;

--
-- Dumping data for table `category_to_attributes`
--

INSERT INTO `category_to_attributes` (`category_to_attributes_id`, `attribute_id`, `category_id`) VALUES
(1, 1, 1),
(2, 2, 1),
(3, 3, 1),
(4, 4, 1),
(5, 5, 1),
(6, 6, 1),
(7, 7, 1),
(8, 8, 1),
(9, 9, 1),
(10, 10, 1),
(11, 11, 1),
(12, 11, 2),
(13, 11, 3),
(14, 12, 2),
(15, 12, 3),
(16, 13, 3),
(17, 13, 2),
(18, 1, 2),
(19, 1, 3),
(20, 7, 3),
(21, 2, 2),
(22, 10, 3),
(23, 2, 4),
(24, 3, 2),
(25, 4, 2),
(26, 5, 2);

--
-- Indexes for dumped tables
--

--
-- Indexes for table `assets`
--
ALTER TABLE `assets`
  ADD PRIMARY KEY (`asset_id`);

--
-- Indexes for table `asset_to_attributes`
--
ALTER TABLE `asset_to_attributes`
  ADD PRIMARY KEY (`asset_to_attributes_id`);

--
-- Indexes for table `asset_to_notes`
--
ALTER TABLE `asset_to_notes`
  ADD PRIMARY KEY (`asset_to_note_id`);

--
-- Indexes for table `attributes`
--
ALTER TABLE `attributes`
  ADD PRIMARY KEY (`attribute_id`);

--
-- Indexes for table `categories`
--
ALTER TABLE `categories`
  ADD PRIMARY KEY (`category_id`);

--
-- Indexes for table `category_to_attributes`
--
ALTER TABLE `category_to_attributes`
  ADD PRIMARY KEY (`category_to_attributes_id`);

--
-- AUTO_INCREMENT for dumped tables
--

--
-- AUTO_INCREMENT for table `asset_to_attributes`
--
ALTER TABLE `asset_to_attributes`
  MODIFY `asset_to_attributes_id` int(11) NOT NULL AUTO_INCREMENT, AUTO_INCREMENT=1589;
--
-- AUTO_INCREMENT for table `asset_to_notes`
--
ALTER TABLE `asset_to_notes`
  MODIFY `asset_to_note_id` int(11) NOT NULL AUTO_INCREMENT, AUTO_INCREMENT=204;
--
-- AUTO_INCREMENT for table `attributes`
--
ALTER TABLE `attributes`
  MODIFY `attribute_id` int(11) NOT NULL AUTO_INCREMENT, AUTO_INCREMENT=14;
--
-- AUTO_INCREMENT for table `categories`
--
ALTER TABLE `categories`
  MODIFY `category_id` int(11) NOT NULL AUTO_INCREMENT, AUTO_INCREMENT=9;
--
-- AUTO_INCREMENT for table `category_to_attributes`
--
ALTER TABLE `category_to_attributes`
  MODIFY `category_to_attributes_id` int(11) NOT NULL AUTO_INCREMENT, AUTO_INCREMENT=27;
/*!40101 SET CHARACTER_SET_CLIENT=@OLD_CHARACTER_SET_CLIENT */;
/*!40101 SET CHARACTER_SET_RESULTS=@OLD_CHARACTER_SET_RESULTS */;
/*!40101 SET COLLATION_CONNECTION=@OLD_COLLATION_CONNECTION */;
